Doncaster Rail,8611522,53.522,-1.139
York Rail,9081958,53.958,-1.092
Selby Rail,9361783,53.783,-1.064
Goole Rail,11251704,53.704,-0.875
Howden Rail,11391765,53.765,-0.861
Malton Rail,12032132,54.132,-0.797
Gainsborough Rail,12321385,53.385,-0.768
Gilberdyke Rail,12681748,53.748,-0.732
Market Weighton Rail,13341864,53.864,-0.666
Scunthorpe Rail,13491586,53.586,-0.651
Brough Rail,14211727,53.727,-0.579
Lincoln Rail,14601225,53.225,-0.540
Ferriby Rail,14931717,53.717,-0.507
Barton Rail,15561689,53.689,-0.444
Hessle Rail,15581717,53.717,-0.442
Driffield Rail,15652001,54.001,-0.435
Beverley Rail,15761842,53.842,-0.424
Seamer Rail,15832241,54.241,-0.417
Barnetby Rail,15911575,53.575,-0.409
Cottingham Rail,15931781,53.781,-0.407
Scarborough Rail,15952280,54.280,-0.405
New Holland Rail,16401702,53.702,-0.360
Hull Paragon Rail,16541744,53.744,-0.346
Hunmanby Rail,16852174,54.174,-0.315
Filey Rail,17062210,54.210,-0.294
Hull King George Dock,17191741,53.741,-0.281
Habrough Rail,17311606,53.606,-0.269
Bridlington Rail,18012084,54.084,-0.199
Bempton Rail,18202128,54.128,-0.180
Grimsby Town Rail,19131564,53.564,-0.087
Cleethorpes Rail,19711562,53.562,-0.029
Zeebrugge Harbour,51889340,51.340,3.189
Rotterdam Harbour,61279944,51.944,4.128